{
    "cashName": "Bitcoin",
    "cash": 7.050017833709717,
    "cashPerClick": 0.10000000149011612,
    "tick": 1.0,
    "cashPerTick": 0.05000000074505806
}